state,state_name,count_weeks,total,measure_type,measure,measure_ina,measure_total,measure_total_not_ina,measure_n,start_week,end_week,measure_pct,measure_pct_ina,measure_median_pct_march,measure_ppt_diff_after_shutdowns
AL,Alabama,5,280035,eth,ina,9389,280035,270646,9389,2020-03-14,2020-04-11,0.03352795186315996,0.03352795186315996,0.17886554693786705,-15
AL,Alabama,5,280035,eth,latinx,9389,280035,270646,3892,2020-03-14,2020-04-11,0.014380408356303068,0.03352795186315996,0.019259818731117824,-0
AL,Alabama,5,280035,eth,not_latinx,9389,280035,270646,266754,2020-03-14,2020-04-11,0.985619591643697,0.03352795186315996,0.9704087294248197,2
AL,Alabama,5,280035,race,asian,9389,276143,266754,6404,2020-03-14,2020-04-11,0.024007137662415558,0.03400049974107618,0.021152938399811187,0
AL,Alabama,5,280035,race,black,9389,276143,266754,95148,2020-03-14,2020-04-11,0.3566881846195371,0.03400049974107618,0.38533557144097474,-3
AL,Alabama,5,280035,race,hawaiian_pi,9389,276143,266754,374,2020-03-14,2020-04-11,0.001402040831627642,0.03400049974107618,0.0013245033112582781,0
AL,Alabama,5,280035,race,ina,9389,276143,266754,9389,2020-03-14,2020-04-11,0.03400049974107618,0.03400049974107618,0.04861641221374046,-1
AL,Alabama,5,280035,race,native_alaskan,9389,276143,266754,1152,2020-03-14,2020-04-11,0.004318585663195303,0.03400049974107618,0.042382674171543594,-4
AL,Alabama,5,280035,race,white,9389,276143,266754,163676,2020-03-14,2020-04-11,0.6135840512232243,0.03400049974107618,0.5126833815808841,10
AL,Alabama,5,280035,sex,female,0,280035,280035,168274,2020-03-14,2020-04-11,0.6009034584962594,0,0.46565054819697066,14
AL,Alabama,5,280035,sex,ina,0,280035,280035,0,2020-03-14,2020-04-11,0,0,8.587786259541985e-4,-0
AL,Alabama,5,280035,sex,male,0,280035,280035,111761,2020-03-14,2020-04-11,0.3990965415037406,0,0.5343494518030294,-14
CA,California,6,3650122,age,24_under,0,3644682,3644682,643807,2020-03-21,2020-04-25,0.1766428456584141,0,0.08419570422402743,9
CA,California,6,3650122,age,25_34,0,3644682,3644682,1027052,2020-03-21,2020-04-25,0.28179468057844276,0,0.24200798839803228,4
CA,California,6,3650122,age,35_44,0,3644682,3644682,693778,2020-03-21,2020-04-25,0.19035350683543859,0,0.25179934824910327,-6
CA,California,6,3650122,age,45_54,0,3644682,3644682,609883,2020-03-21,2020-04-25,0.1673350377344306,0,0.23202629133123995,-6
CA,California,6,3650122,age,55_64,0,3644682,3644682,503840,2020-03-21,2020-04-25,0.13823976961501716,0,0.14468467261222565,-1
CA,California,6,3650122,age,65_over,0,3644682,3644682,166322,2020-03-21,2020-04-25,0.045634159578256756,0,0.03634102447459149,1
CA,California,6,3650122,age,ina,0,3644682,3644682,0,2020-03-21,2020-04-25,0,0,2.2810883217984682e-4,-0
CA,California,6,3650122,eth,ina,0,3384774,3384774,0,2020-03-21,2020-04-25,0,0,0.08450474544209256,-8
CA,California,6,3650122,eth,latinx,0,3384774,3384774,1280999,2020-03-21,2020-04-25,0.3784592412964647,0,0.4242069329103437,-5
CA,California,6,3650122,eth,not_latinx,0,3384774,3384774,2103775,2020-03-21,2020-04-25,0.6215407587035353,0,0.5531168490456811,7
CA,California,6,3650122,industry,accomodation_food,0,3934929,3934929,587668,2020-03-21,2020-04-25,0.14934653204670276,0,0.03615908550639257,11
CA,California,6,3650122,industry,admin_support_wastemgmt_remedial,0,3934929,3934929,202253,2020-03-21,2020-04-25,0.05139940263216947,0,0.12674560245943242,-8
CA,California,6,3650122,industry,ag_forest_fish_hunt,0,3934929,3934929,29655,2020-03-21,2020-04-25,0.0075363494487448186,0,0.13963868421295314,-13
CA,California,6,3650122,industry,arts_ent_rec,0,3934929,3934929,150465,2020-03-21,2020-04-25,0.03823830112309523,0,0.015022051059071992,2
CA,California,6,3650122,industry,construction,0,3934929,3934929,193718,2020-03-21,2020-04-25,0.04923036730777099,0,0.10802831465838075,-6
CA,California,6,3650122,industry,educational_services,0,3934929,3934929,110451,2020-03-21,2020-04-25,0.028069375584667475,0,0.020868822403948467,1
CA,California,6,3650122,industry,finance_insurance,0,3934929,3934929,29300,2020-03-21,2020-04-25,0.007446131810764566,0,0.020414116638487367,-1
CA,California,6,3650122,industry,healthcare_social_assistance,0,3934929,3934929,355050,2020-03-21,2020-04-25,0.09023034468982795,0,0.04938143570233589,4
CA,California,6,3650122,industry,ina,0,3934929,3934929,0,2020-03-21,2020-04-25,0,0,0.030782706625789902,-3
CA,California,6,3650122,industry,information,0,3934929,3934929,95092,2020-03-21,2020-04-25,0.02416612853751618,0,0.067829938089775,-4
CA,California,6,3650122,industry,management_of_cos_ent,0,3934929,3934929,14434,2020-03-21,2020-04-25,0.00366817292001965,0,0,0
CA,California,6,3650122,industry,manufacturing,0,3934929,3934929,185256,2020-03-21,2020-04-25,0.047079883779351545,0,0.10704669320957742,-6
CA,California,6,3650122,industry,mining,0,3934929,3934929,3121,2020-03-21,2020-04-25,7.931528116517477e-4,0,0.0017654771778520372,-0
CA,California,6,3650122,industry,other_services_excl_public_admin,0,3934929,3934929,162602,2020-03-21,2020-04-25,0.04132272780525392,0,0.025630281796795332,2
CA,California,6,3650122,industry,prof_scientific_tech_services,0,3934929,3934929,143414,2020-03-21,2020-04-25,0.03644640093887336,0,0.018737447033237552,2
CA,California,6,3650122,industry,public_admin,0,3934929,3934929,655476,2020-03-21,2020-04-25,0.1665788633035056,0,0.010105340938375893,16
CA,California,6,3650122,industry,real_estate,0,3934929,3934929,54160,2020-03-21,2020-04-25,0.013763907811297231,0,0.006509721100689484,1
CA,California,6,3650122,industry,retail_trade,0,3934929,3934929,424662,2020-03-21,2020-04-25,0.10792113402808538,0,0.0658680018351284,4
CA,California,6,3650122,industry,transport_warehouse,0,3934929,3934929,424662,2020-03-21,2020-04-25,0.10792113402808538,0,0.02525094852777801,8
CA,California,6,3650122,industry,utilities,0,3934929,3934929,1355,2020-03-21,2020-04-25,3.4435182947392445e-4,0,0.0030039132865395364,-0
CA,California,6,3650122,industry,wholesale_trade,0,3934929,3934929,112135,2020-03-21,2020-04-25,0.028497337563142818,0,0.006699460836841972,2
CA,California,6,3650122,race,asian,0,2103775,2103775,613732,2020-03-21,2020-04-25,0.29172891587741084,0,0.1513416871853583,14
CA,California,6,3650122,race,black,0,2103775,2103775,206700,2020-03-21,2020-04-25,0.09825195184846289,0,0.11947677032726066,-2
CA,California,6,3650122,race,hawaiian_pi,0,2103775,2103775,0,2020-03-21,2020-04-25,0,0,0,0
CA,California,6,3650122,race,ina,0,2103775,2103775,0,2020-03-21,2020-04-25,0,0,0.49089831254585475,-49
CA,California,6,3650122,race,native_alaskan,0,2103775,2103775,24394,2020-03-21,2020-04-25,0.011595346460529286,0,0.013470165304492103,-0
CA,California,6,3650122,race,white,0,2103775,2103775,1258949,2020-03-21,2020-04-25,0.598423785813597,0,0.6886795074904806,-9
CA,California,6,3650122,sex,female,0,3650122,3650122,1887598,2020-03-21,2020-04-25,0.5171328519978237,0,0.41165386357721856,11
CA,California,6,3650122,sex,ina,0,3650122,3650122,0,2020-03-21,2020-04-25,0,0,3.774377890714418e-4,-0
CA,California,6,3650122,sex,male,0,3650122,3650122,1762524,2020-03-21,2020-04-25,0.48286714800217634,0,0.5883461364227814,-11
ID,Idaho,4,74274,age,24_under,173,74274,74101,15466,2020-03-21,2020-04-11,0.2087151320495,0.0023292134528906483,0.09433021116222358,11
ID,Idaho,4,74274,age,25_34,173,74274,74101,20757,2020-03-21,2020-04-11,0.28011767722432895,0.0023292134528906483,0.2370364815717446,4
ID,Idaho,4,74274,age,35_44,173,74274,74101,14585,2020-03-21,2020-04-11,0.19682595376580614,0.0023292134528906483,0.23491937089388812,-4
ID,Idaho,4,74274,age,45_54,173,74274,74101,11057,2020-03-21,2020-04-11,0.14921526025289808,0.0023292134528906483,0.2360253809297708,-9
ID,Idaho,4,74274,age,55_64,173,74274,74101,9002,2020-03-21,2020-04-11,0.12148284098730111,0.0023292134528906483,0.14986406569690855,-3
ID,Idaho,4,74274,age,65_over,173,74274,74101,3234,2020-03-21,2020-04-11,0.04364313572016572,0.0023292134528906483,0.037521476472870366,1
ID,Idaho,4,74274,age,ina,173,74274,74101,173,2020-03-21,2020-04-11,0.0023292134528906483,0.0023292134528906483,7.498219172946425e-5,0
ID,Idaho,4,74274,sex,female,0,74274,74274,41951,2020-03-21,2020-04-11,0.5648140668336161,0,0.2985894973842792,27
ID,Idaho,4,74274,sex,ina,0,74274,74274,0,2020-03-21,2020-04-11,0,0,0,0
ID,Idaho,4,74274,sex,male,0,74274,74274,32323,2020-03-21,2020-04-11,0.43518593316638393,0,0.7014105026157208,-27
MN,Minnesota,4,435421,age,24_under,0,435439,435439,67216,2020-03-21,2020-04-11,0.15436375703600275,0,0.10708372561114177,5
MN,Minnesota,4,435421,age,25_34,0,435439,435439,114020,2020-03-21,2020-04-11,0.26185068402233147,0,0.2529409302130866,1
MN,Minnesota,4,435421,age,35_44,0,435439,435439,91265,2020-03-21,2020-04-11,0.20959307733115315,0,0.2365985294884497,-3
MN,Minnesota,4,435421,age,45_54,0,435439,435439,69751,2020-03-21,2020-04-11,0.16018546799896197,0,0.22954852569211046,-7
MN,Minnesota,4,435421,age,55_64,0,435439,435439,68170,2020-03-21,2020-04-11,0.15655464944573177,0,0.12286854043906763,3
MN,Minnesota,4,435421,age,65_over,0,435439,435439,25017,2020-03-21,2020-04-11,0.057452364165818864,0,0.01995765122305796,4
MN,Minnesota,4,435421,age,ina,0,435439,435439,0,2020-03-21,2020-04-11,0,0,3.574736363193214e-4,-0
MN,Minnesota,4,435421,eth,ina,28091,435439,407348,28091,2020-03-21,2020-04-11,0.06451190637494575,0.06451190637494575,0.09135921660575133,-3
MN,Minnesota,4,435421,eth,latinx,28091,435439,407348,21439,2020-03-21,2020-04-11,0.052630674509264806,0.06451190637494575,0.034743788819875776,2
MN,Minnesota,4,435421,eth,not_latinx,28091,435439,407348,385909,2020-03-21,2020-04-11,0.9473693254907352,0.06451190637494575,0.9600053804420929,-1
MN,Minnesota,4,435421,occ,architecture_engineering,0,169009,169009,1166,2020-03-21,2020-04-11,0.006899040879479791,0,0.011223364840686053,-0
MN,Minnesota,4,435421,occ,arts_design_ent_sports_media,0,169009,169009,4204,2020-03-21,2020-04-11,0.02487441497198374,0,0.009297532109176741,2
MN,Minnesota,4,435421,occ,building_grounds_cleaning_maintenance,0,169009,169009,4265,2020-03-21,2020-04-11,0.025235342496553438,0,0.03711023276240667,-1
MN,Minnesota,4,435421,occ,bussiness_financial_operations,0,169009,169009,2332,2020-03-21,2020-04-11,0.013798081758959581,0,0.014505923159609482,-0
MN,Minnesota,4,435421,occ,communinity_social_services,0,169009,169009,1278,2020-03-21,2020-04-11,0.0075617274819684156,0,0.004395409894097171,0
MN,Minnesota,4,435421,occ,computer_math,0,169009,169009,1328,2020-03-21,2020-04-11,0.007857569715222267,0,0.014208858231017125,-1
MN,Minnesota,4,435421,occ,construction_extraction,0,169009,169009,12685,2020-03-21,2020-04-11,0.07505517457650185,0,0.3379417240488513,-26
MN,Minnesota,4,435421,occ,educational_library,0,169009,169009,4937,2020-03-21,2020-04-11,0.029211462111485186,0,0.0069028584914009265,2
MN,Minnesota,4,435421,occ,farming_fishing_forestry,0,169009,169009,599,2020-03-21,2020-04-11,0.0035441899543811276,0,0.0076304365195621485,-0
MN,Minnesota,4,435421,occ,food_prep_serving,0,169009,169009,46130,2020-03-21,2020-04-11,0.27294404440000236,0,0.02480890617093243,25
MN,Minnesota,4,435421,occ,healthcare_practitioners_technical,0,169009,169009,8231,2020-03-21,2020-04-11,0.04870154843824885,0,0.00736423673249608,4
MN,Minnesota,4,435421,occ,healthcare_support,0,169009,169009,7681,2020-03-21,2020-04-11,0.045447283872456494,0,0.015124400171040338,3
MN,Minnesota,4,435421,occ,ina,0,169009,169009,0,2020-03-21,2020-04-11,0,0,0.008546198442411891,-1
MN,Minnesota,4,435421,occ,installation_maintenance_repair,0,169009,169009,5192,2020-03-21,2020-04-11,0.030720257501079824,0,0.03357372350507362,-0
MN,Minnesota,4,435421,occ,legal,0,169009,169009,344,2020-03-21,2020-04-11,0.002035394564786491,0,0.002250512690760913,-0
MN,Minnesota,4,435421,occ,life_physical_social_sciences,0,169009,169009,136,2020-03-21,2020-04-11,8.04690874450473e-4,0,0.0022732778057279147,-0
MN,Minnesota,4,435421,occ,mgmt,0,169009,169009,8595,2020-03-21,2020-04-11,0.05085527989633688,0,0.03628682842287695,1
MN,Minnesota,4,435421,occ,military,0,169009,169009,0,2020-03-21,2020-04-11,0,0,3.167413648385411e-5,-0
MN,Minnesota,4,435421,occ,office_admin_support,0,169009,169009,13239,2020-03-21,2020-04-11,0.0783331065209545,0,0.06008603614756128,2
MN,Minnesota,4,435421,occ,personal_care_service,0,169009,169009,11319,2020-03-21,2020-04-11,0.06697276476400665,0,0.005310526021577506,6
MN,Minnesota,4,435421,occ,production,0,169009,169009,10448,2020-03-21,2020-04-11,0.06181919306072458,0,0.09100563438449512,-3
MN,Minnesota,4,435421,occ,protective_sevice,0,169009,169009,773,2020-03-21,2020-04-11,0.004573720926104527,0,0.0032049490375836175,0
MN,Minnesota,4,435421,occ,sales_related,0,169009,169009,15518,2020-03-21,2020-04-11,0.09181759551266501,0,0.04514342024662423,5
MN,Minnesota,4,435421,occ,transportation_material_moving,0,169009,169009,8609,2020-03-21,2020-04-11,0.05093811572164796,0,0.07679134745380801,-3
MN,Minnesota,4,435421,race,asian,28091,414000,385909,21354,2020-03-21,2020-04-11,0.055334288653542674,0.06785265700483092,0.016188707389479532,4
MN,Minnesota,4,435421,race,black,28091,414000,385909,31783,2020-03-21,2020-04-11,0.08235879443081141,0.06785265700483092,0.05089065573316342,3
MN,Minnesota,4,435421,race,hawaiian_pi,28091,414000,385909,701,2020-03-21,2020-04-11,0.0018164904161343737,0.06785265700483092,0.0018290452383855627,-0
MN,Minnesota,4,435421,race,ina,28091,414000,385909,28091,2020-03-21,2020-04-11,0.06785265700483092,0.06785265700483092,0.06030327605465702,1
MN,Minnesota,4,435421,race,native_alaskan,28091,414000,385909,5411,2020-03-21,2020-04-11,0.014021440287736229,0.06785265700483092,0.011918247899556311,0
MN,Minnesota,4,435421,race,white,28091,414000,385909,326660,2020-03-21,2020-04-11,0.8464689862117754,0.06785265700483092,0.908972972972973,-6
MN,Minnesota,4,435421,sex,female,0,435421,435421,239971,2020-03-21,2020-04-11,0.5511240845067188,0,0.2391559202813599,31
MN,Minnesota,4,435421,sex,ina,0,435421,435421,0,2020-03-21,2020-04-11,0,0,1.1015844456276278e-4,-0
MN,Minnesota,4,435421,sex,male,0,435421,435421,195450,2020-03-21,2020-04-11,0.4488759154932812,0,0.7608440797186401,-31
MT,Montana,3,67433,age,24_under,0,67433,67433,12679,2020-03-21,2020-04-04,0.18802366793706346,0,0.09458999659748214,9
MT,Montana,3,67433,age,25_34,0,67433,67433,19629,2020-03-21,2020-04-04,0.29108893271840197,0,0.25306271713293105,4
MT,Montana,3,67433,age,35_44,0,67433,67433,13751,2020-03-21,2020-04-04,0.20392092892204114,0,0.2262305595638929,-2
MT,Montana,3,67433,age,45_54,0,67433,67433,9326,2020-03-21,2020-04-04,0.13830023875550546,0,0.22718961418906564,-9
MT,Montana,3,67433,age,55_64,0,67433,67433,8667,2020-03-21,2020-04-04,0.12852757551940444,0,0.14218366962096926,-1
MT,Montana,3,67433,age,65_over,0,67433,67433,3381,2020-03-21,2020-04-04,0.050138656147583525,0,0.03267423923713364,2
MT,Montana,3,67433,age,ina,0,67433,67433,0,2020-03-21,2020-04-04,0,0,0,0
MT,Montana,3,67433,eth,ina,4101,66627,62526,4101,2020-03-21,2020-04-04,0.06155162321581341,0.06155162321581341,0.05203113338308988,1
MT,Montana,3,67433,eth,latinx,4101,66627,62526,2882,2020-03-21,2020-04-04,0.04609282538463999,0.06155162321581341,0.026222032207496082,2
MT,Montana,3,67433,eth,not_latinx,4101,66627,62526,59644,2020-03-21,2020-04-04,0.95390717461536,0.06155162321581341,0.9633913209711337,-1
MT,Montana,3,67433,race,asian,2034,64889,62855,0,2020-03-21,2020-04-04,0,0.03134583673658093,0.00270042194092827,-0
MT,Montana,3,67433,race,black,2034,64889,62855,0,2020-03-21,2020-04-04,0,0.03134583673658093,0.005007268615732515,-1
MT,Montana,3,67433,race,hawaiian_pi,2034,64889,62855,0,2020-03-21,2020-04-04,0,0.03134583673658093,0.0021630307150361534,-0
MT,Montana,3,67433,race,ina,2034,64889,62855,2034,2020-03-21,2020-04-04,0.03134583673658093,0.03134583673658093,0.009891196834817012,2
MT,Montana,3,67433,race,native_alaskan,2034,64889,62855,2686,2020-03-21,2020-04-04,0.04273327499801129,0.03134583673658093,0.09328071906171216,-5
MT,Montana,3,67433,race,white,2034,64889,62855,60169,2020-03-21,2020-04-04,0.9572667250019887,0.03134583673658093,0.8848298244154115,7
MT,Montana,3,67433,sex,female,1465,67433,65968,37804,2020-03-21,2020-04-04,0.5730657288382246,0.021725268043836104,0.28075762655045255,29
MT,Montana,3,67433,sex,ina,1465,67433,65968,1465,2020-03-21,2020-04-04,0.021725268043836104,0.021725268043836104,5.214851898206091e-4,2
MT,Montana,3,67433,sex,male,1465,67433,65968,28164,2020-03-21,2020-04-04,0.4269342711617754,0.021725268043836104,0.7192423734495474,-29
ND,North Dakota,4,45238,age,24_under,31,45238,45207,7828,2020-03-21,2020-04-11,0.1731590240449488,6.852646005570538e-4,0.0785483870967742,9
ND,North Dakota,4,45238,age,25_34,31,45238,45207,13360,2020-03-21,2020-04-11,0.295529453403234,6.852646005570538e-4,0.24561140285071267,5
ND,North Dakota,4,45238,age,35_44,31,45238,45207,9567,2020-03-21,2020-04-11,0.21162651801712123,6.852646005570538e-4,0.2147957726363896,-0
ND,North Dakota,4,45238,age,45_54,31,45238,45207,6702,2020-03-21,2020-04-11,0.1482513769991373,6.852646005570538e-4,0.23205417607223477,-8
ND,North Dakota,4,45238,age,55_64,31,45238,45207,5668,2020-03-21,2020-04-11,0.1253788130156834,6.852646005570538e-4,0.16128725126154433,-4
ND,North Dakota,4,45238,age,65_over,31,45238,45207,2082,2020-03-21,2020-04-11,0.04605481451987524,6.852646005570538e-4,0.0468548238332411,-0
ND,North Dakota,4,45238,age,ina,31,45238,45207,31,2020-03-21,2020-04-11,6.852646005570538e-4,6.852646005570538e-4,0.005655042412818096,-0
ND,North Dakota,4,45238,eth,ina,1115,45238,44123,1115,2020-03-21,2020-04-11,0.024647420310358548,0.024647420310358548,0.021292353267913348,0
ND,North Dakota,4,45238,eth,latinx,1115,45238,44123,2627,2020-03-21,2020-04-11,0.059538109376062374,0.024647420310358548,0.026285272516428294,3
ND,North Dakota,4,45238,eth,not_latinx,1115,45238,44123,41496,2020-03-21,2020-04-11,0.9404618906239376,0.024647420310358548,0.9606272939606273,-2
ND,North Dakota,4,45238,industry,accomodation_food,3664,45238,41574,9017,2020-03-21,2020-04-11,0.2168903641699139,0.08099385472390468,0.022055052145665926,19
ND,North Dakota,4,45238,industry,admin_support_wastemgmt_remedial,3664,45238,41574,1583,2020-03-21,2020-04-11,0.03807668254197335,0.08099385472390468,0.042834195966446546,-0
ND,North Dakota,4,45238,industry,ag_forest_fish_hunt,3664,45238,41574,118,2020-03-21,2020-04-11,0.002838312406792707,0.08099385472390468,0.03364862769421616,-3
ND,North Dakota,4,45238,industry,arts_ent_rec,3664,45238,41574,1852,2020-03-21,2020-04-11,0.04454707268966181,0.08099385472390468,0.005471020687296974,4
ND,North Dakota,4,45238,industry,construction,3664,45238,41574,3079,2020-03-21,2020-04-11,0.0740607110213114,0.08099385472390468,0.4202828478182038,-35
ND,North Dakota,4,45238,industry,educational_services,3664,45238,41574,1196,2020-03-21,2020-04-11,0.028767979987492184,0.08099385472390468,6.838775859121217e-4,3
ND,North Dakota,4,45238,industry,finance_insurance,3664,45238,41574,285,2020-03-21,2020-04-11,0.006855246067253572,0.08099385472390468,0.00837681955506729,-0
ND,North Dakota,4,45238,industry,healthcare_social_assistance,3664,45238,41574,5343,2020-03-21,2020-04-11,0.12851782363977485,0.08099385472390468,0.02215909090909091,11
ND,North Dakota,4,45238,industry,ina,3664,45238,41574,3664,2020-03-21,2020-04-11,0.08099385472390468,0.08099385472390468,0.039755807027992855,4
ND,North Dakota,4,45238,industry,information,3664,45238,41574,221,2020-03-21,2020-04-11,0.005315822388993121,0.08099385472390468,0.008075842696629214,-0
ND,North Dakota,4,45238,industry,management_of_cos_ent,3664,45238,41574,43,2020-03-21,2020-04-11,0.0010343002838312408,0.08099385472390468,8.778089887640449e-4,0
ND,North Dakota,4,45238,industry,manufacturing,3664,45238,41574,4094,2020-03-21,2020-04-11,0.09847500841872324,0.08099385472390468,0.09290248124639354,1
ND,North Dakota,4,45238,industry,mining,3664,45238,41574,3787,2020-03-21,2020-04-11,0.09109058546206764,0.08099385472390468,0.05844675740592474,3
ND,North Dakota,4,45238,industry,other_services_excl_public_admin,3664,45238,41574,2106,2020-03-21,2020-04-11,0.05065666041275797,0.08099385472390468,0.0117794038907728,4
ND,North Dakota,4,45238,industry,prof_scientific_tech_services,3664,45238,41574,959,2020-03-21,2020-04-11,0.02306730167893395,0.08099385472390468,0.024431818181818183,-0
ND,North Dakota,4,45238,industry,public_admin,3664,45238,41574,214,2020-03-21,2020-04-11,0.005147447924183384,0.08099385472390468,0.03650485436893204,-3
ND,North Dakota,4,45238,industry,real_estate,3664,45238,41574,494,2020-03-21,2020-04-11,0.011882426516572859,0.08099385472390468,0.004864759680871765,1
ND,North Dakota,4,45238,industry,retail_trade,3664,45238,41574,4172,2020-03-21,2020-04-11,0.10035118102660316,0.08099385472390468,0.03729232944503358,6
ND,North Dakota,4,45238,industry,transport_warehouse,3664,45238,41574,1714,2020-03-21,2020-04-11,0.04122769038341271,0.08099385472390468,0.033306645316253006,1
ND,North Dakota,4,45238,industry,utilities,3664,45238,41574,37,2020-03-21,2020-04-11,8.899793139943233e-4,0.08099385472390468,0.0022024226649314245,-0
ND,North Dakota,4,45238,industry,wholesale_trade,3664,45238,41574,1260,2020-03-21,2020-04-11,0.030307403665752634,0.08099385472390468,0.04439546599496222,-1
ND,North Dakota,4,45238,occ,architecture_engineering,61,45238,45177,246,2020-03-21,2020-04-11,0.005445248688491932,0.0013484238914187189,0.008556149732620321,-0
ND,North Dakota,4,45238,occ,arts_design_ent_sports_media,61,45238,45177,865,2020-03-21,2020-04-11,0.019146911038802932,0.0013484238914187189,0.004506760140210316,1
ND,North Dakota,4,45238,occ,building_grounds_cleaning_maintenance,61,45238,45177,1309,2020-03-21,2020-04-11,0.028974920866812758,0.0013484238914187189,0.019958576539258144,1
ND,North Dakota,4,45238,occ,bussiness_financial_operations,61,45238,45177,484,2020-03-21,2020-04-11,0.010713416118821524,0.0013484238914187189,0.01236056677720832,-0
ND,North Dakota,4,45238,occ,communinity_social_services,61,45238,45177,440,2020-03-21,2020-04-11,0.009739469198928659,0.0013484238914187189,0.003008849557522124,1
ND,North Dakota,4,45238,occ,computer_math,61,45238,45177,129,2020-03-21,2020-04-11,0.0028554352878677205,0.0013484238914187189,0.005959849435382685,-0
ND,North Dakota,4,45238,occ,construction_extraction,61,45238,45177,5741,2020-03-21,2020-04-11,0.1270779378887487,0.0013484238914187189,0.41453831041257366,-29
ND,North Dakota,4,45238,occ,educational_library,61,45238,45177,1299,2020-03-21,2020-04-11,0.028753569294109833,0.0013484238914187189,0.004095563139931741,2
ND,North Dakota,4,45238,occ,farming_fishing_forestry,61,45238,45177,178,2020-03-21,2020-04-11,0.003940057994112048,0.0013484238914187189,0.04088102786584349,-4
ND,North Dakota,4,45238,occ,food_prep_serving,61,45238,45177,8899,2020-03-21,2020-04-11,0.1969807645483321,0.0013484238914187189,0.01585711901185111,18
ND,North Dakota,4,45238,occ,healthcare_practitioners_technical,61,45238,45177,2416,2020-03-21,2020-04-11,0.05347853996502645,0.0013484238914187189,0.005508262393590386,5
ND,North Dakota,4,45238,occ,healthcare_support,61,45238,45177,1744,2020-03-21,2020-04-11,0.03860371427938995,0.0013484238914187189,0.00653933983807349,3
ND,North Dakota,4,45238,occ,ina,61,45238,45177,61,2020-03-21,2020-04-11,0.0013484238914187189,0.0013484238914187189,0.019372278119837813,-2
ND,North Dakota,4,45238,occ,installation_maintenance_repair,61,45238,45177,1781,2020-03-21,2020-04-11,0.03942271509839077,0.0013484238914187189,0.04279193609737543,-0
ND,North Dakota,4,45238,occ,legal,61,45238,45177,80,2020-03-21,2020-04-11,0.0017708125816233925,0.0013484238914187189,9.188361408882082e-4,0
ND,North Dakota,4,45238,occ,life_physical_social_sciences,61,45238,45177,109,2020-03-21,2020-04-11,0.002412732142461872,0.0013484238914187189,0.0022610792885137173,0
ND,North Dakota,4,45238,occ,mgmt,61,45238,45177,1557,2020-03-21,2020-04-11,0.03446443986984528,0.0013484238914187189,0.02711353794012427,1
ND,North Dakota,4,45238,occ,military,61,45238,45177,6,2020-03-21,2020-04-11,1.3281094362175444e-4,0.0013484238914187189,5.324813631522897e-4,-0
ND,North Dakota,4,45238,occ,office_admin_support,61,45238,45177,1920,2020-03-21,2020-04-11,0.04249950195896142,0.0013484238914187189,0.04868771395968049,-1
ND,North Dakota,4,45238,occ,personal_care_service,61,45238,45177,3467,2020-03-21,2020-04-11,0.07674259025610378,0.0013484238914187189,0.0037367656217562797,7
ND,North Dakota,4,45238,occ,production,61,45238,45177,5288,2020-03-21,2020-04-11,0.11705071164530624,0.0013484238914187189,0.07816660327120578,4
ND,North Dakota,4,45238,occ,protective_sevice,61,45238,45177,122,2020-03-21,2020-04-11,0.0027004891869756736,0.0013484238914187189,0.005174428309130362,-0
ND,North Dakota,4,45238,occ,sales_related,61,45238,45177,4762,2020-03-21,2020-04-11,0.10540761892113243,0.0013484238914187189,0.03456508200124559,7
ND,North Dakota,4,45238,occ,transportation_material_moving,61,45238,45177,2335,2020-03-21,2020-04-11,0.05168559222613277,0.0013484238914187189,0.1198893936401343,-7
ND,North Dakota,4,45238,race,asian,1115,42611,41496,901,2020-03-21,2020-04-11,0.0217129361866204,0.026166952195442492,0.001386241552590539,2
ND,North Dakota,4,45238,race,black,1115,42611,41496,2361,2020-03-21,2020-04-11,0.05689705031810295,0.026166952195442492,0.0090263107355483,5
ND,North Dakota,4,45238,race,hawaiian_pi,1115,42611,41496,153,2020-03-21,2020-04-11,0.003687102371312898,0.026166952195442492,0.0011035787482263912,0
ND,North Dakota,4,45238,race,ina,1115,42611,41496,1115,2020-03-21,2020-04-11,0.026166952195442492,0.026166952195442492,0.04842836257309942,-2
ND,North Dakota,4,45238,race,native_alaskan,1115,42611,41496,1848,2020-03-21,2020-04-11,0.044534412955465584,0.026166952195442492,0.06594724220623502,-2
ND,North Dakota,4,45238,race,white,1115,42611,41496,36233,2020-03-21,2020-04-11,0.8731684981684982,0.026166952195442492,0.8972495088408644,-2
ND,North Dakota,4,45238,sex,female,3,45238,45235,22555,2020-03-21,2020-04-11,0.4986183265170775,6.63159290861665e-5,0.1668029435813573,33
ND,North Dakota,4,45238,sex,ina,3,45238,45235,3,2020-03-21,2020-04-11,6.63159290861665e-5,6.63159290861665e-5,0.0033846674564224064,-0
ND,North Dakota,4,45238,sex,male,3,45238,45235,22680,2020-03-21,2020-04-11,0.5013816734829225,6.63159290861665e-5,0.8331970564186427,-33
NE,Nebraska,4,82682,age,24_under,3075,82682,79607,13183,2020-03-21,2020-04-11,0.16560101498611932,0.037190682373430733,0.09137865552601596,7
NE,Nebraska,4,82682,age,25_34,3075,82682,79607,22076,2020-03-21,2020-04-11,0.27731229665732915,0.037190682373430733,0.24287884542347132,3
NE,Nebraska,4,82682,age,35_44,3075,82682,79607,16982,2020-03-21,2020-04-11,0.21332294898689813,0.037190682373430733,0.24251497005988024,-3
NE,Nebraska,4,82682,age,45_54,3075,82682,79607,11936,2020-03-21,2020-04-11,0.14993656336754305,0.037190682373430733,0.2317777430934915,-8
NE,Nebraska,4,82682,age,55_64,3075,82682,79607,10508,2020-03-21,2020-04-11,0.13199844234803473,0.037190682373430733,0.13913349771046143,-1
NE,Nebraska,4,82682,age,65_over,3075,82682,79607,4922,2020-03-21,2020-04-11,0.061828733654075645,0.037190682373430733,0.04151158374477782,2
NE,Nebraska,4,82682,age,ina,3075,82682,79607,3075,2020-03-21,2020-04-11,0.037190682373430733,0.037190682373430733,0,4
NE,Nebraska,4,82682,eth,ina,5340,82682,77342,5340,2020-03-21,2020-04-11,0.06458479475581143,0.06458479475581143,0.12351845580765324,-6
NE,Nebraska,4,82682,eth,latinx,5340,82682,77342,7584,2020-03-21,2020-04-11,0.09805797626128106,0.06458479475581143,0.06099659795877527,4
NE,Nebraska,4,82682,eth,not_latinx,5340,82682,77342,69758,2020-03-21,2020-04-11,0.9019420237387189,0.06458479475581143,0.8960563762027375,1
NE,Nebraska,4,82682,industry,accomodation_food,9490,82682,73192,16596,2020-03-21,2020-04-11,0.2267460924691223,0.11477709779637647,0.04462102689486552,18
NE,Nebraska,4,82682,industry,admin_support_wastemgmt_remedial,9490,82682,73192,4106,2020-03-21,2020-04-11,0.05609902721608919,0.11477709779637647,0.1143099787685775,-6
NE,Nebraska,4,82682,industry,ag_forest_fish_hunt,9490,82682,73192,246,2020-03-21,2020-04-11,0.0033610230626297958,0.11477709779637647,0.008259587020648967,-0
NE,Nebraska,4,82682,industry,arts_ent_rec,9490,82682,73192,2700,2020-03-21,2020-04-11,0.03688927751666849,0.11477709779637647,0.012195121951219513,2
NE,Nebraska,4,82682,industry,construction,9490,82682,73192,3606,2020-03-21,2020-04-11,0.04926767952781725,0.11477709779637647,0.20553318880974503,-16
NE,Nebraska,4,82682,industry,educational_services,9490,82682,73192,2944,2020-03-21,2020-04-11,0.040222975188545194,0.11477709779637647,0.014057618882332524,3
NE,Nebraska,4,82682,industry,finance_insurance,9490,82682,73192,879,2020-03-21,2020-04-11,0.012009509235982074,0.11477709779637647,0.029742129409903496,-2
NE,Nebraska,4,82682,industry,healthcare_social_assistance,9490,82682,73192,10856,2020-03-21,2020-04-11,0.1483222210077604,0.11477709779637647,0.06539693241193326,8
NE,Nebraska,4,82682,industry,ina,9490,82682,73192,9490,2020-03-21,2020-04-11,0.11477709779637647,0.11477709779637647,0.06826861871419478,5
NE,Nebraska,4,82682,industry,information,9490,82682,73192,964,2020-03-21,2020-04-11,0.013170838342988305,0.11477709779637647,0.016313932980599646,-0
NE,Nebraska,4,82682,industry,management_of_cos_ent,9490,82682,73192,435,2020-03-21,2020-04-11,0.0059432724887965895,0.11477709779637647,0.0035866780529461998,0
NE,Nebraska,4,82682,industry,manufacturing,9490,82682,73192,4678,2020-03-21,2020-04-11,0.06391408897147229,0.11477709779637647,0.13051146384479717,-7
NE,Nebraska,4,82682,industry,mining,9490,82682,73192,29,2020-03-21,2020-04-11,3.9621816591977265e-4,0.11477709779637647,0.010064847338557146,-1
NE,Nebraska,4,82682,industry,other_services_excl_public_admin,9490,82682,73192,7791,2020-03-21,2020-04-11,0.1064460596786534,0.11477709779637647,0.018066847335140017,9
NE,Nebraska,4,82682,industry,prof_scientific_tech_services,9490,82682,73192,2155,2020-03-21,2020-04-11,0.029443108536452073,0.11477709779637647,0.029214411066377618,0
NE,Nebraska,4,82682,industry,public_admin,9490,82682,73192,600,2020-03-21,2020-04-11,0.00819761722592633,0.11477709779637647,0.028522630230572162,-2
NE,Nebraska,4,82682,industry,real_estate,9490,82682,73192,1015,2020-03-21,2020-04-11,0.013867635807192042,0.11477709779637647,0.012322423671611333,0
NE,Nebraska,4,82682,industry,retail_trade,9490,82682,73192,10032,2020-03-21,2020-04-11,0.13706416001748825,0.11477709779637647,0.0844020607256385,5
NE,Nebraska,4,82682,industry,transport_warehouse,9490,82682,73192,1993,2020-03-21,2020-04-11,0.02722975188545196,0.11477709779637647,0.032251720747295966,-1
NE,Nebraska,4,82682,industry,utilities,9490,82682,73192,24,2020-03-21,2020-04-11,3.2790468903705323e-4,0.11477709779637647,0.00199159105996902,-0
NE,Nebraska,4,82682,industry,wholesale_trade,9490,82682,73192,1543,2020-03-21,2020-04-11,0.021081538966007216,0.11477709779637647,0.036037574722459435,-1
NE,Nebraska,4,82682,race,asian,9980,82682,72702,2523,2020-03-21,2020-04-11,0.03470330940001651,0.1207034179144191,0.013623402682437427,2
NE,Nebraska,4,82682,race,black,9980,82682,72702,6120,2020-03-21,2020-04-11,0.08417925229017083,0.1207034179144191,0.10443864229765012,-2
NE,Nebraska,4,82682,race,hawaiian_pi,9980,82682,72702,348,2020-03-21,2020-04-11,0.004786663365519518,0.1207034179144191,0.002023045122702085,0
NE,Nebraska,4,82682,race,ina,9980,82682,72702,9980,2020-03-21,2020-04-11,0.1207034179144191,0.1207034179144191,0.2097661623108666,-9
NE,Nebraska,4,82682,race,native_alaskan,9980,82682,72702,1587,2020-03-21,2020-04-11,0.02182883552034332,0.1207034179144191,0.016407718043906686,1
NE,Nebraska,4,82682,race,white,9980,82682,72702,62124,2020-03-21,2020-04-11,0.8545019394239498,0.1207034179144191,0.8511936815652487,0
NE,Nebraska,4,82682,sex,female,3445,82682,79237,48903,2020-03-21,2020-04-11,0.6171737950704848,0.04166565878909557,0.3543370579426333,26
NE,Nebraska,4,82682,sex,ina,3445,82682,79237,3445,2020-03-21,2020-04-11,0.04166565878909557,0.04166565878909557,0.03395366502088872,1
NE,Nebraska,4,82682,sex,male,3445,82682,79237,30334,2020-03-21,2020-04-11,0.38282620492951525,0.04166565878909557,0.6456629420573666,-26
NJ,New Jersey,4,580954,age,24_under,0,580954,580954,67145,2020-03-21,2020-04-11,0.11557713691617581,0,0.08230340188930318,3
NJ,New Jersey,4,580954,age,25_34,0,580954,580954,131839,2020-03-21,2020-04-11,0.22693535116377545,0,0.23132164146217965,-0
NJ,New Jersey,4,580954,age,35_44,0,580954,580954,107676,2020-03-21,2020-04-11,0.18534341789539274,0,0.25399423008466127,-7
NJ,New Jersey,4,580954,age,45_54,0,580954,580954,110835,2020-03-21,2020-04-11,0.1907810256922235,0,0.2120667791304191,-2
NJ,New Jersey,4,580954,age,55_64,0,580954,580954,111784,2020-03-21,2020-04-11,0.19241454572995453,0,0.12500374619494786,7
NJ,New Jersey,4,580954,age,65_over,0,580954,580954,51675,2020-03-21,2020-04-11,0.08894852260247799,0,0.040297634523081695,5
NJ,New Jersey,4,580954,age,ina,0,580954,580954,0,2020-03-21,2020-04-11,0,0,0,0
NJ,New Jersey,4,580954,eth,ina,54240,580954,526714,54240,2020-03-21,2020-04-11,0.09336367423238329,0.09336367423238329,0.07651371074383007,2
NJ,New Jersey,4,580954,eth,latinx,54240,580954,526714,124670,2020-03-21,2020-04-11,0.2366939173821087,0.09336367423238329,0.22392032257382416,1
NJ,New Jersey,4,580954,eth,not_latinx,54240,580954,526714,402044,2020-03-21,2020-04-11,0.7633060826178913,0.09336367423238329,0.7538874257205657,1
NJ,New Jersey,4,580954,race,asian,96718,580951,484233,44197,2020-03-21,2020-04-11,0.09127217682396697,0.16648219901506323,0.036802301836426604,5
NJ,New Jersey,4,580954,race,black,96718,580951,484233,69420,2020-03-21,2020-04-11,0.14336073749620534,0.16648219901506323,0.2090451985412427,-7
NJ,New Jersey,4,580954,race,hawaiian_pi,96718,580951,484233,0,2020-03-21,2020-04-11,0,0.16648219901506323,0.007187644673700056,-1
NJ,New Jersey,4,580954,race,ina,96718,580951,484233,96718,2020-03-21,2020-04-11,0.16648219901506323,0.16648219901506323,0.1475711391095008,2
NJ,New Jersey,4,580954,race,native_alaskan,96718,580951,484233,0,2020-03-21,2020-04-11,0,0.16648219901506323,0.004408647781591839,-0
NJ,New Jersey,4,580954,race,white,96718,580951,484233,370616,2020-03-21,2020-04-11,0.7653670856798277,0.16648219901506323,0.7314408046645227,3
NJ,New Jersey,4,580954,sex,female,0,580954,580954,326194,2020-03-21,2020-04-11,0.5614799106297572,0,0.3846822665185431,18
NJ,New Jersey,4,580954,sex,ina,0,580954,580954,0,2020-03-21,2020-04-11,0,0,0,0
NJ,New Jersey,4,580954,sex,male,0,580954,580954,254760,2020-03-21,2020-04-11,0.4385200893702427,0,0.6153177334814568,-18
NM,New Mexico,4,127998,age,24_under,0,127998,127998,21360,2020-03-21,2020-04-11,0.1668776074626166,0,0.0836346096985009,8
NM,New Mexico,4,127998,age,25_34,0,127998,127998,36995,2020-03-21,2020-04-11,0.2890279535617744,0,0.2393906535823538,5
NM,New Mexico,4,127998,age,35_44,0,127998,127998,26626,2020-03-21,2020-04-11,0.2080188752949265,0,0.2579007748554234,-5
NM,New Mexico,4,127998,age,45_54,0,127998,127998,19993,2020-03-21,2020-04-11,0.15619775308989203,0,0.23642130823245538,-8
NM,New Mexico,4,127998,age,55_64,0,127998,127998,17487,2020-03-21,2020-04-11,0.136619322176909,0,0.13419302594617172,0
NM,New Mexico,4,127998,age,65_over,0,127998,127998,5537,2020-03-21,2020-04-11,0.04325848841388147,0,0.033514704252302484,1
NM,New Mexico,4,127998,age,ina,0,127998,127998,0,2020-03-21,2020-04-11,0,0,0,0
NM,New Mexico,4,127998,eth,ina,8058,127998,119940,8058,2020-03-21,2020-04-11,0.06295410865794777,0.06295410865794777,0.07586346223925144,-1
NM,New Mexico,4,127998,eth,latinx,8058,127998,119940,67308,2020-03-21,2020-04-11,0.5611805902951476,0.06295410865794777,0.5945043216960786,-3
NM,New Mexico,4,127998,eth,not_latinx,8058,127998,119940,52632,2020-03-21,2020-04-11,0.43881940970485245,0.06295410865794777,0.3938320047799047,4
NM,New Mexico,4,127998,industry,accomodation_food,1676,127998,126322,30166,2020-03-21,2020-04-11,0.23880242554741057,0.013093954593040516,0.05747547321559984,18
NM,New Mexico,4,127998,industry,admin_support_wastemgmt_remedial,1676,127998,126322,9130,2020-03-21,2020-04-11,0.07227561311568848,0.013093954593040516,0.07669971009851312,-0
NM,New Mexico,4,127998,industry,ag_forest_fish_hunt,1676,127998,126322,4748,2020-03-21,2020-04-11,0.037586485331137884,0.013093954593040516,0.07986380112920122,-4
NM,New Mexico,4,127998,industry,arts_ent_rec,1676,127998,126322,4458,2020-03-21,2020-04-11,0.03529076487072719,0.013093954593040516,0.01861716898600193,2
NM,New Mexico,4,127998,industry,construction,1676,127998,126322,9903,2020-03-21,2020-04-11,0.07839489558430043,0.013093954593040516,0.17960425891089765,-10
NM,New Mexico,4,127998,industry,educational_services,1676,127998,126322,2747,2020-03-21,2020-04-11,0.02174601415430408,0.013093954593040516,0.02091154223364495,0
NM,New Mexico,4,127998,industry,finance_insurance,1676,127998,126322,1296,2020-03-21,2020-04-11,0.010259495574800905,0.013093954593040516,0.020091296744733367,-1
NM,New Mexico,4,127998,industry,healthcare_social_assistance,1676,127998,126322,16723,2020-03-21,2020-04-11,0.13238390779120027,0.013093954593040516,0.07990496669617245,5
NM,New Mexico,4,127998,industry,ina,1676,127998,126322,1676,2020-03-21,2020-04-11,0.013093954593040516,0.013093954593040516,0.005478073224423589,1
NM,New Mexico,4,127998,industry,information,1676,127998,126322,4738,2020-03-21,2020-04-11,0.037507322556640965,0.013093954593040516,0.02796301191503961,1
NM,New Mexico,4,127998,industry,management_of_cos_ent,1676,127998,126322,238,2020-03-21,2020-04-11,0.0018840740330267095,0.013093954593040516,0.0015928735609176767,0
NM,New Mexico,4,127998,industry,manufacturing,1676,127998,126322,5494,2020-03-21,2020-04-11,0.04349202830860816,0.013093954593040516,0.06437384665606022,-2
NM,New Mexico,4,127998,industry,mining,1676,127998,126322,2738,2020-03-21,2020-04-11,0.02167476765725685,0.013093954593040516,0.017022838985193224,0
NM,New Mexico,4,127998,industry,other_services_excl_public_admin,1676,127998,126322,5727,2020-03-21,2020-04-11,0.04533652095438641,0.013093954593040516,0.02201671586059147,2
NM,New Mexico,4,127998,industry,prof_scientific_tech_services,1676,127998,126322,4279,2020-03-21,2020-04-11,0.03387375120723231,0.013093954593040516,0.044728981150674814,-1
NM,New Mexico,4,127998,industry,public_admin,1676,127998,126322,1775,2020-03-21,2020-04-11,0.014051392473203401,0.013093954593040516,0.02970934889370206,-2
NM,New Mexico,4,127998,industry,real_estate,1676,127998,126322,1665,2020-03-21,2020-04-11,0.013180601953737275,0.013093954593040516,0.01390522979777038,-0
NM,New Mexico,4,127998,industry,retail_trade,1676,127998,126322,15255,2020-03-21,2020-04-11,0.12076281249505233,0.013093954593040516,0.0923413036605506,3
NM,New Mexico,4,127998,industry,transport_warehouse,1676,127998,126322,2625,2020-03-21,2020-04-11,0.02078022830544165,0.013093954593040516,0.021664825014718836,-0
NM,New Mexico,4,127998,industry,utilities,1676,127998,126322,155,2020-03-21,2020-04-11,0.0012270230047022688,0.013093954593040516,0.002013900395429244,-0
NM,New Mexico,4,127998,industry,wholesale_trade,1676,127998,126322,2462,2020-03-21,2020-04-11,0.019489875081141843,0.013093954593040516,0.029231088503482917,-1
NM,New Mexico,4,127998,occ,architecture_engineering,0,127998,127998,953,2020-03-21,2020-04-11,0.007445428834825544,0,0.015663141849536683,-1
NM,New Mexico,4,127998,occ,arts_design_ent_sports_media,0,127998,127998,2863,2020-03-21,2020-04-11,0.022367536992765513,0,0.011691637606252915,1
NM,New Mexico,4,127998,occ,building_grounds_cleaning_maintenance,0,127998,127998,2836,2020-03-21,2020-04-11,0.022156596196815575,0,0.02146300116529817,0
NM,New Mexico,4,127998,occ,bussiness_financial_operations,0,127998,127998,2287,2020-03-21,2020-04-11,0.017867466679166864,0,0.019765427964036665,-0
NM,New Mexico,4,127998,occ,communinity_social_services,0,127998,127998,772,2020-03-21,2020-04-11,0.0060313442397537465,0,0.008306843028028069,-0
NM,New Mexico,4,127998,occ,computer_math,0,127998,127998,927,2020-03-21,2020-04-11,0.007242300660947827,0,0.010965737906693179,-0
NM,New Mexico,4,127998,occ,construction_extraction,0,127998,127998,8530,2020-03-21,2020-04-11,0.06664166627603556,0,0.17520602334208918,-11
NM,New Mexico,4,127998,occ,educational_library,0,127998,127998,3074,2020-03-21,2020-04-11,0.024016000250003906,0,0.011453434269080371,1
NM,New Mexico,4,127998,occ,farming_fishing_forestry,0,127998,127998,4659,2020-03-21,2020-04-11,0.03639900623447241,0,0.09073847258667567,-5
NM,New Mexico,4,127998,occ,food_prep_serving,0,127998,127998,26289,2020-03-21,2020-04-11,0.2053860216565884,0,0.03587864493687408,17
NM,New Mexico,4,127998,occ,healthcare_practitioners_technical,0,127998,127998,4927,2020-03-21,2020-04-11,0.03849278894982734,0,0.01480425787451774,2
NM,New Mexico,4,127998,occ,healthcare_support,0,127998,127998,5634,2020-03-21,2020-04-11,0.044016312754886794,0,0.025398111726930885,2
NM,New Mexico,4,127998,occ,ina,0,127998,127998,0,2020-03-21,2020-04-11,0,0,0.003111927900057185,-0
NM,New Mexico,4,127998,occ,installation_maintenance_repair,0,127998,127998,4336,2020-03-21,2020-04-11,0.03387552930514539,0,0.04684893746863082,-1
NM,New Mexico,4,127998,occ,legal,0,127998,127998,359,2020-03-21,2020-04-11,0.0028047313239269365,0,0.0034563878533721178,-0
NM,New Mexico,4,127998,occ,life_physical_social_sciences,0,127998,127998,961,2020-03-21,2020-04-11,0.007507929811403303,0,0.006235917441348205,0
NM,New Mexico,4,127998,occ,mgmt,0,127998,127998,11413,2020-03-21,2020-04-11,0.08916545571024548,0,0.05935284534391561,3
NM,New Mexico,4,127998,occ,military,0,127998,127998,68,2020-03-21,2020-04-11,5.312583009109517e-4,0,0.0011508743199096783,-0
NM,New Mexico,4,127998,occ,office_admin_support,0,127998,127998,14787,2020-03-21,2020-04-11,0.11552524258191534,0,0.10400953570290819,1
NM,New Mexico,4,127998,occ,personal_care_service,0,127998,127998,6663,2020-03-21,2020-04-11,0.05205550086720105,0,0.024213374097345447,3
NM,New Mexico,4,127998,occ,production,0,127998,127998,6965,2020-03-21,2020-04-11,0.05441491273301145,0,0.06639608158333218,-1
NM,New Mexico,4,127998,occ,protective_sevice,0,127998,127998,1694,2020-03-21,2020-04-11,0.013234581790340474,0,0.020050403081389098,-1
NM,New Mexico,4,127998,occ,sales_related,0,127998,127998,10556,2020-03-21,2020-04-11,0.08247003859435303,0,0.061153539959109084,2
NM,New Mexico,4,127998,occ,transportation_material_moving,0,127998,127998,6445,2020-03-21,2020-04-11,0.05035234925545712,0,0.05816923763135501,-1
NM,New Mexico,4,127998,race,asian,28362,127998,99636,1887,2020-03-21,2020-04-11,0.01893893773334939,0.2215815872123002,0.01069559443581003,1
NM,New Mexico,4,127998,race,black,28362,127998,99636,3621,2020-03-21,2020-04-11,0.03634228592075153,0.2215815872123002,0.03944697812111682,-0
NM,New Mexico,4,127998,race,hawaiian_pi,28362,127998,99636,439,2020-03-21,2020-04-11,0.004406037978240796,0.2215815872123002,0.0030923607047023856,0
NM,New Mexico,4,127998,race,ina,28362,127998,99636,28362,2020-03-21,2020-04-11,0.2215815872123002,0.2215815872123002,0.33363306081281985,-11
NM,New Mexico,4,127998,race,native_alaskan,28362,127998,99636,12102,2020-03-21,2020-04-11,0.1214621221245333,0.2215815872123002,0.15697003573053503,-4
NM,New Mexico,4,127998,race,white,28362,127998,99636,81587,2020-03-21,2020-04-11,0.8188506162431249,0.2215815872123002,0.7733407320985364,5
NM,New Mexico,4,127998,sex,female,0,127998,127998,68375,2020-03-21,2020-04-11,0.5341880341880342,0,0.3892492086828513,14
NM,New Mexico,4,127998,sex,ina,0,127998,127998,0,2020-03-21,2020-04-11,0,0,0,0
NM,New Mexico,4,127998,sex,male,0,127998,127998,59623,2020-03-21,2020-04-11,0.4658119658119658,0,0.6107507913171487,-14
NY,New York,4,1196366,age,24_under,0,1115613,1115613,163861,2020-03-21,2020-04-11,0.14687978716633815,0,0.10132259045302523,5
NY,New York,4,1196366,age,25_34,0,1115613,1115613,313408,2020-03-21,2020-04-11,0.28092896013223223,0,0.25577416953179244,3
NY,New York,4,1196366,age,35_44,0,1115613,1115613,220895,2020-03-21,2020-04-11,0.1980032502310389,0,0.2565016910227772,-6
NY,New York,4,1196366,age,45_54,0,1115613,1115613,198088,2020-03-21,2020-04-11,0.17755978103517978,0,0.22356903839380063,-5
NY,New York,4,1196366,age,55_64,0,1115613,1115613,165876,2020-03-21,2020-04-11,0.14868596905916298,0,0.12535390217793652,2
NY,New York,4,1196366,age,65_over,0,1115613,1115613,53485,2020-03-21,2020-04-11,0.04794225237604797,0,0.03862660944206009,1
NY,New York,4,1196366,age,ina,0,1115613,1115613,0,2020-03-21,2020-04-11,0,0,0,0
NY,New York,4,1196366,eth,ina,152149,1115613,963464,152149,2020-03-21,2020-04-11,0.13638152298332845,0.13638152298332845,0.1452378935197875,-1
NY,New York,4,1196366,eth,latinx,152149,1115613,963464,209346,2020-03-21,2020-04-11,0.21728471432248636,0.13638152298332845,0.17820850265179483,4
NY,New York,4,1196366,eth,not_latinx,152149,1115613,963464,754118,2020-03-21,2020-04-11,0.7827152856775136,0.13638152298332845,0.7996699218415967,-2
NY,New York,4,1196366,occ,architecture_engineering,193366,1125193,931827,8118,2020-03-21,2020-04-11,0.008711917555511914,0.17185140682531796,0.011414473843648366,-0
NY,New York,4,1196366,occ,arts_design_ent_sports_media,193366,1125193,931827,33611,2020-03-21,2020-04-11,0.03607000011804767,0.17185140682531796,0.028968363611245423,1
NY,New York,4,1196366,occ,building_grounds_cleaning_maintenance,193366,1125193,931827,29575,2020-03-21,2020-04-11,0.03173872403353841,0.17185140682531796,0.03494380355915837,-0
NY,New York,4,1196366,occ,bussiness_financial_operations,193366,1125193,931827,26120,2020-03-21,2020-04-11,0.028030954243652522,0.17185140682531796,0.024214248730349334,0
NY,New York,4,1196366,occ,communinity_social_services,193366,1125193,931827,5681,2020-03-21,2020-04-11,0.00609662523193683,0.17185140682531796,0.00839548742550879,-0
NY,New York,4,1196366,occ,computer_math,193366,1125193,931827,4908,2020-03-21,2020-04-11,0.005267072106732258,0.17185140682531796,0.011725495613732127,-1
NY,New York,4,1196366,occ,construction_extraction,193366,1125193,931827,73224,2020-03-21,2020-04-11,0.07858111001291013,0.17185140682531796,0.11958830475081868,-4
NY,New York,4,1196366,occ,educational_library,193366,1125193,931827,29220,2020-03-21,2020-04-11,0.03135775202907836,0.17185140682531796,0.012962542425934904,2
NY,New York,4,1196366,occ,farming_fishing_forestry,193366,1125193,931827,853,2020-03-21,2020-04-11,9.154059712800767e-4,0.17185140682531796,0.0030134005664156937,-0
NY,New York,4,1196366,occ,food_prep_serving,193366,1125193,931827,129859,2020-03-21,2020-04-11,0.13935955923148824,0.17185140682531796,0.05084408943518954,9
NY,New York,4,1196366,occ,healthcare_practitioners_technical,193366,1125193,931827,30059,2020-03-21,2020-04-11,0.03225813375229522,0.17185140682531796,0.010645190505716216,2
NY,New York,4,1196366,occ,healthcare_support,193366,1125193,931827,27567,2020-03-21,2020-04-11,0.02958381759704323,0.17185140682531796,0.019125908189824396,1
NY,New York,4,1196366,occ,ina,193366,1125193,931827,193366,2020-03-21,2020-04-11,0.17185140682531796,0.17185140682531796,1.6729328273445274e-4,17
NY,New York,4,1196366,occ,installation_maintenance_repair,193366,1125193,931827,34255,2020-03-21,2020-04-11,0.03676111552895548,0.17185140682531796,0.04643227820708376,-1
NY,New York,4,1196366,occ,legal,193366,1125193,931827,5726,2020-03-21,2020-04-11,0.006144917457854301,0.17185140682531796,0.005287979177673192,0
NY,New York,4,1196366,occ,life_physical_social_sciences,193366,1125193,931827,2921,2020-03-21,2020-04-11,0.003134702042331892,0.17185140682531796,0.0042138080706818105,-0
NY,New York,4,1196366,occ,mgmt,193366,1125193,931827,100701,2020-03-21,2020-04-11,0.1080683431581184,0.17185140682531796,0.06420260712106206,4
NY,New York,4,1196366,occ,military,193366,1125193,931827,1030,2020-03-21,2020-04-11,0.0011053553932221325,0.17185140682531796,8.06884145675813e-5,0
NY,New York,4,1196366,occ,office_admin_support,193366,1125193,931827,119556,2020-03-21,2020-04-11,0.1283027858175391,0.17185140682531796,0.1416644972485794,-1
NY,New York,4,1196366,occ,personal_care_service,193366,1125193,931827,57530,2020-03-21,2020-04-11,0.061738927934047845,0.17185140682531796,0.02194740200183435,4
NY,New York,4,1196366,occ,production,193366,1125193,931827,48092,2020-03-21,2020-04-11,0.05161043841829009,0.17185140682531796,0.09164068610710233,-4
NY,New York,4,1196366,occ,protective_sevice,193366,1125193,931827,10294,2020-03-21,2020-04-11,0.011047114968765662,0.17185140682531796,0.01624496550624078,-1
NY,New York,4,1196366,occ,sales_related,193366,1125193,931827,98846,2020-03-21,2020-04-11,0.10607763028974262,0.17185140682531796,0.07101128524145632,4
NY,New York,4,1196366,occ,transportation_material_moving,193366,1125193,931827,54081,2020-03-21,2020-04-11,0.05803759710761761,0.17185140682531796,0.06856156328971401,-1
NY,New York,4,1196366,race,asian,236106,1115613,879507,112738,2020-03-21,2020-04-11,0.12818317534709786,0.21163790669345015,0.03811659192825112,9
NY,New York,4,1196366,race,black,236106,1115613,879507,133404,2020-03-21,2020-04-11,0.15168043005911266,0.21163790669345015,0.18172735746545748,-3
NY,New York,4,1196366,race,hawaiian_pi,236106,1115613,879507,5252,2020-03-21,2020-04-11,0.005971527230596232,0.21163790669345015,0.0020747018798438614,0
NY,New York,4,1196366,race,ina,236106,1115613,879507,236106,2020-03-21,2020-04-11,0.21163790669345015,0.21163790669345015,0.21344697891392458,-0
NY,New York,4,1196366,race,native_alaskan,236106,1115613,879507,8400,2020-03-21,2020-04-11,0.009550805166985595,0.21163790669345015,0.008395589076351158,0
NY,New York,4,1196366,race,white,236106,1115613,879507,619713,2020-03-21,2020-04-11,0.7046140621962077,0.21163790669345015,0.7464357528024416,-4
NY,New York,4,1196366,sex,female,0,1196366,1196366,595866,2020-03-21,2020-04-11,0.49806330169864405,0,0.37066433127022524,13
NY,New York,4,1196366,sex,ina,0,1196366,1196366,0,2020-03-21,2020-04-11,0,0,6.72203946677422e-5,-0
NY,New York,4,1196366,sex,male,0,1196366,1196366,600500,2020-03-21,2020-04-11,0.5019366983013559,0,0.6293356687297748,-13
OR,Oregon,5,173472,age,24_under,7,244193,244186,90636,2020-03-14,2020-04-11,0.3711760707002039,2.86658503724513e-5,0.08875530889995523,28
OR,Oregon,5,173472,age,25_34,7,244193,244186,51666,2020-03-14,2020-04-11,0.21158461173040224,2.86658503724513e-5,0.24410123861193572,-3
OR,Oregon,5,173472,age,35_44,7,244193,244186,38970,2020-03-14,2020-04-11,0.1595914589698017,2.86658503724513e-5,0.24407881642672327,-8
OR,Oregon,5,173472,age,45_54,7,244193,244186,29317,2020-03-14,2020-04-11,0.12006011810668916,2.86658503724513e-5,0.23548331390579805,-12
OR,Oregon,5,173472,age,55_64,7,244193,244186,24656,2020-03-14,2020-04-11,0.10097220970899233,2.86658503724513e-5,0.14781397200291913,-5
OR,Oregon,5,173472,age,65_over,7,244193,244186,8941,2020-03-14,2020-04-11,0.036615530783910624,2.86658503724513e-5,0.03100708090233895,1
OR,Oregon,5,173472,age,ina,7,244193,244186,7,2020-03-14,2020-04-11,2.86658503724513e-5,2.86658503724513e-5,0,0
OR,Oregon,5,173472,eth,ina,0,173472,173472,0,2020-03-14,2020-04-11,0,0,0.10690468862214014,-11
OR,Oregon,5,173472,eth,latinx,0,173472,173472,17126,2020-03-14,2020-04-11,0.09872486626083748,0,0.10947341025418582,-1
OR,Oregon,5,173472,eth,not_latinx,0,173472,173472,156346,2020-03-14,2020-04-11,0.9012751337391626,0,0.873319288679596,3
OR,Oregon,5,173472,occ,architecture_engineering,19503,173472,153969,825,2020-03-14,2020-04-11,0.005358221460164059,0.11242736579966796,0.012904680059733454,-1
OR,Oregon,5,173472,occ,arts_design_ent_sports_media,19503,173472,153969,3114,2020-03-14,2020-04-11,0.020224850456910158,0.11242736579966796,0.014751695070551586,1
OR,Oregon,5,173472,occ,building_grounds_cleaning_maintenance,19503,173472,153969,3839,2020-03-14,2020-04-11,0.02493359052796342,0.11242736579966796,0.031507105459985044,-1
OR,Oregon,5,173472,occ,bussiness_financial_operations,19503,173472,153969,2423,2020-03-14,2020-04-11,0.015736934058154562,0.11242736579966796,0.02275364974650296,-1
OR,Oregon,5,173472,occ,communinity_social_services,19503,173472,153969,915,2020-03-14,2020-04-11,0.0059427547103637745,0.11242736579966796,0.010798746846322326,-0
OR,Oregon,5,173472,occ,computer_math,19503,173472,153969,1048,2020-03-14,2020-04-11,0.006806564957881132,0.11242736579966796,0.015093942898337414,-1
OR,Oregon,5,173472,occ,construction_extraction,19503,173472,153969,11721,2020-03-14,2020-04-11,0.07612571361767628,0.11242736579966796,0.1402588317593564,-6
OR,Oregon,5,173472,occ,educational_library,19503,173472,153969,4514,2020-03-14,2020-04-11,0.02931758990446129,0.11242736579966796,0.009805207581819374,2
OR,Oregon,5,173472,occ,farming_fishing_forestry,19503,173472,153969,1515,2020-03-14,2020-04-11,0.009839643045028545,0.11242736579966796,0.03487759571931576,-3
OR,Oregon,5,173472,occ,food_prep_serving,19503,173472,153969,38044,2020-03-14,2020-04-11,0.24708869967331087,0.11242736579966796,0.059260509876751646,19
OR,Oregon,5,173472,occ,healthcare_practitioners_technical,19503,173472,153969,7003,2020-03-14,2020-04-11,0.045483181679428976,0.11242736579966796,0.012626262626262626,3
OR,Oregon,5,173472,occ,healthcare_support,19503,173472,153969,8061,2020-03-14,2020-04-11,0.052354694776221185,0.11242736579966796,0.022122452303870666,3
OR,Oregon,5,173472,occ,ina,19503,173472,153969,19503,2020-03-14,2020-04-11,0.11242736579966796,0.11242736579966796,0.022263260490407305,9
OR,Oregon,5,173472,occ,installation_maintenance_repair,19503,173472,153969,5619,2020-03-14,2020-04-11,0.03649435925413557,0.11242736579966796,0.04057591623036649,-0
OR,Oregon,5,173472,occ,legal,19503,173472,153969,286,2020-03-14,2020-04-11,0.0018575167728568738,0.11242736579966796,0.003698799031919266,-0
OR,Oregon,5,173472,occ,life_physical_social_sciences,19503,173472,153969,376,2020-03-14,2020-04-11,0.0024420500230565895,0.11242736579966796,0.00845284720069877,-1
OR,Oregon,5,173472,occ,mgmt,19503,173472,153969,9831,2020-03-14,2020-04-11,0.06385051536348225,0.11242736579966796,0.06171504616152375,0
OR,Oregon,5,173472,occ,military,19503,173472,153969,18,2020-03-14,2020-04-11,1.169066500399431e-4,0.11242736579966796,6.515586504591452e-4,-0
OR,Oregon,5,173472,occ,office_admin_support,19503,173472,153969,13451,2020-03-14,2020-04-11,0.08736174164929304,0.11242736579966796,0.11394826582383764,-3
OR,Oregon,5,173472,occ,personal_care_service,19503,173472,153969,6906,2020-03-14,2020-04-11,0.044853184731991506,0.11242736579966796,0.017157776948899663,3
OR,Oregon,5,173472,occ,production,19503,173472,153969,10930,2020-03-14,2020-04-11,0.0709883158298099,0.11242736579966796,0.1049613562702568,-3
OR,Oregon,5,173472,occ,protective_sevice,19503,173472,153969,981,2020-03-14,2020-04-11,0.0063714124271769,0.11242736579966796,0.01879451951810852,-1
OR,Oregon,5,173472,occ,sales_related,19503,173472,153969,14041,2020-03-14,2020-04-11,0.09119368184504673,0.11242736579966796,0.07547993019197208,2
OR,Oregon,5,173472,occ,transportation_material_moving,19503,173472,153969,8508,2020-03-14,2020-04-11,0.05525787658554644,0.11242736579966796,0.07972635179581634,-2
OR,Oregon,5,173472,race,asian,29777,173472,143695,6545,2020-03-14,2020-04-11,0.045547861790598144,0.1716530621656521,0.030492388648750236,2
OR,Oregon,5,173472,race,black,29777,173472,143695,3351,2020-03-14,2020-04-11,0.023320226869410904,0.1716530621656521,0.026606030222731506,-0
OR,Oregon,5,173472,race,hawaiian_pi,29777,173472,143695,1047,2020-03-14,2020-04-11,0.007286266049618985,0.1716530621656521,0.010344679572477143,-0
OR,Oregon,5,173472,race,ina,29777,173472,143695,29777,2020-03-14,2020-04-11,0.1716530621656521,0.1716530621656521,0.33059466622494615,-16
OR,Oregon,5,173472,race,native_alaskan,29777,173472,143695,2082,2020-03-14,2020-04-11,0.014489021886634887,0.1716530621656521,0.019903431499023256,-1
OR,Oregon,5,173472,race,white,29777,173472,143695,130670,2020-03-14,2020-04-11,0.9093566234037371,0.1716530621656521,0.9085681699377465,0
OR,Oregon,5,173472,sex,female,80325,173472,93147,45831,2020-03-14,2020-04-11,0.4920287287835357,0.46304302711676815,0.37850061136400465,11
OR,Oregon,5,173472,sex,ina,80325,173472,93147,80325,2020-03-14,2020-04-11,0.46304302711676815,0.46304302711676815,1.107959581634462e-4,46
OR,Oregon,5,173472,sex,male,80325,173472,93147,47316,2020-03-14,2020-04-11,0.5079712712164643,0.46304302711676815,0.6214993886359953,-11
RI,Rhode Island,4,116125,age,24_under,0,115916,115916,17965,2020-03-21,2020-04-11,0.15498291866524036,0,0.0918648741813168,6
RI,Rhode Island,4,116125,age,25_34,0,115916,115916,28330,2020-03-21,2020-04-11,0.24440111805100245,0,0.23290161326971143,1
RI,Rhode Island,4,116125,age,35_44,0,115916,115916,21749,2020-03-21,2020-04-11,0.18762724731702268,0,0.254458786353168,-7
RI,Rhode Island,4,116125,age,45_54,0,115916,115916,19464,2020-03-21,2020-04-11,0.1679146968494427,0,0.22556894243641232,-6
RI,Rhode Island,4,116125,age,55_64,0,115916,115916,18896,2020-03-21,2020-04-11,0.16301459677697644,0,0.14026792750197006,2
RI,Rhode Island,4,116125,age,65_over,0,115916,115916,9512,2020-03-21,2020-04-11,0.08205942234031541,0,0.04633737842682103,4
RI,Rhode Island,4,116125,age,ina,0,115916,115916,0,2020-03-21,2020-04-11,0,0,0,0
RI,Rhode Island,4,116125,eth,ina,14293,119876,105583,14293,2020-03-21,2020-04-11,0.11923153925723247,0.11923153925723247,0.2337799717912553,-11
RI,Rhode Island,4,116125,eth,latinx,14293,119876,105583,16285,2020-03-21,2020-04-11,0.1542388452686512,0.11923153925723247,0.16099094953213683,-1
RI,Rhode Island,4,116125,eth,not_latinx,14293,119876,105583,89298,2020-03-21,2020-04-11,0.8457611547313488,0.11923153925723247,0.802667222337987,4
RI,Rhode Island,4,116125,industry,accomodation_food,472,103123,102651,25930,2020-03-21,2020-04-11,0.2526034817001296,0.0045770584641641535,0.08067247976914874,17
RI,Rhode Island,4,116125,industry,admin_support_wastemgmt_remedial,472,103123,102651,5922,2020-03-21,2020-04-11,0.05769062162083175,0.0045770584641641535,0.13669155009096043,-8
RI,Rhode Island,4,116125,industry,ag_forest_fish_hunt,472,103123,102651,159,2020-03-21,2020-04-11,0.0015489376625653915,0.0045770584641641535,0.012136520453425333,-1
RI,Rhode Island,4,116125,industry,arts_ent_rec,472,103123,102651,4356,2020-03-21,2020-04-11,0.04243504690650846,0.0045770584641641535,0.03726240511887585,1
RI,Rhode Island,4,116125,industry,construction,472,103123,102651,4693,2020-03-21,2020-04-11,0.04571801541144266,0.0045770584641641535,0.20141860952323945,-16
RI,Rhode Island,4,116125,industry,educational_services,472,103123,102651,3635,2020-03-21,2020-04-11,0.035411247820284264,0.0045770584641641535,0.00957711070541406,3
RI,Rhode Island,4,116125,industry,finance_insurance,472,103123,102651,1054,2020-03-21,2020-04-11,0.01026780060593662,0.0045770584641641535,0.0296037921473929,-2
RI,Rhode Island,4,116125,industry,healthcare_social_assistance,472,103123,102651,17308,2020-03-21,2020-04-11,0.16861014505460248,0.0045770584641641535,0.055537280701754385,11
RI,Rhode Island,4,116125,industry,ina,472,103123,102651,472,2020-03-21,2020-04-11,0.0045770584641641535,0.0045770584641641535,0.020273493401176658,-2
RI,Rhode Island,4,116125,industry,information,472,103123,102651,637,2020-03-21,2020-04-11,0.006205492396567008,0.0045770584641641535,0.009527687296416938,-0
RI,Rhode Island,4,116125,industry,management_of_cos_ent,472,103123,102651,471,2020-03-21,2020-04-11,0.004588362509863518,0.0045770584641641535,0.004579386487673295,0
RI,Rhode Island,4,116125,industry,manufacturing,472,103123,102651,7103,2020-03-21,2020-04-11,0.06919562400755959,0.0045770584641641535,0.08421985815602837,-2
RI,Rhode Island,4,116125,industry,mining,472,103123,102651,25,2020-03-21,2020-04-11,2.4354365763606784e-4,0.0045770584641641535,0.0030967127203430206,-0
RI,Rhode Island,4,116125,industry,other_services_excl_public_admin,472,103123,102651,6758,2020-03-21,2020-04-11,0.06583472153218185,0.0045770584641641535,0.02701010643055183,4
RI,Rhode Island,4,116125,industry,prof_scientific_tech_services,472,103123,102651,3181,2020-03-21,2020-04-11,0.03098849499761327,0.0045770584641641535,0.03336618330282979,-0
RI,Rhode Island,4,116125,industry,public_admin,472,103123,102651,745,2020-03-21,2020-04-11,0.007257600997554822,0.0045770584641641535,0.006503168917057041,0
RI,Rhode Island,4,116125,industry,real_estate,472,103123,102651,1502,2020-03-21,2020-04-11,0.014632102950774956,0.0045770584641641535,0.015706806282722512,-0
RI,Rhode Island,4,116125,industry,retail_trade,472,103123,102651,12180,2020-03-21,2020-04-11,0.11865447000029225,0.0045770584641641535,0.08148239047735918,4
RI,Rhode Island,4,116125,industry,transport_warehouse,472,103123,102651,4113,2020-03-21,2020-04-11,0.04006780255428588,0.0045770584641641535,0.023073630136986302,2
RI,Rhode Island,4,116125,industry,utilities,472,103123,102651,13,2020-03-21,2020-04-11,1.2664270197075528e-4,0.0045770584641641535,6.453126833274669e-4,-0
RI,Rhode Island,4,116125,industry,wholesale_trade,472,103123,102651,2866,2020-03-21,2020-04-11,0.027919844911398817,0.0045770584641641535,0.03355116890116553,-1
RI,Rhode Island,4,116125,occ,architecture_engineering,3758,116127,112369,825,2020-03-21,2020-04-11,0.00734188254767774,0.03236112187518837,0.010245042238332036,-0
RI,Rhode Island,4,116125,occ,arts_design_ent_sports_media,3758,116127,112369,2435,2020-03-21,2020-04-11,0.021669677580115513,0.03236112187518837,0.01576913979342427,1
RI,Rhode Island,4,116125,occ,building_grounds_cleaning_maintenance,3758,116127,112369,2801,2020-03-21,2020-04-11,0.024926803655812547,0.03236112187518837,0.09201499398825942,-7
RI,Rhode Island,4,116125,occ,bussiness_financial_operations,3758,116127,112369,2146,2020-03-21,2020-04-11,0.019097793875535066,0.03236112187518837,0.022704477067566335,-0
RI,Rhode Island,4,116125,occ,communinity_social_services,3758,116127,112369,1463,2020-03-21,2020-04-11,0.013019605051215194,0.03236112187518837,0.007044442142339169,1
RI,Rhode Island,4,116125,occ,computer_math,3758,116127,112369,1019,2020-03-21,2020-04-11,0.009068337352828627,0.03236112187518837,0.011217948717948718,-0
RI,Rhode Island,4,116125,occ,construction_extraction,3758,116127,112369,3493,2020-03-21,2020-04-11,0.031085085744288907,0.03236112187518837,0.1135293368970345,-8
RI,Rhode Island,4,116125,occ,educational_library,3758,116127,112369,5805,2020-03-21,2020-04-11,0.051660155380932465,0.03236112187518837,0.010115927047183046,4
RI,Rhode Island,4,116125,occ,farming_fishing_forestry,3758,116127,112369,327,2020-03-21,2020-04-11,0.002910055264352268,0.03236112187518837,0.009394081728511038,-1
RI,Rhode Island,4,116125,occ,food_prep_serving,3758,116127,112369,22101,2020-03-21,2020-04-11,0.19668235901360695,0.03236112187518837,0.06690713628969516,13
RI,Rhode Island,4,116125,occ,healthcare_practitioners_technical,3758,116127,112369,5433,2020-03-21,2020-04-11,0.04834963379579777,0.03236112187518837,0.010854315882743854,4
RI,Rhode Island,4,116125,occ,healthcare_support,3758,116127,112369,4176,2020-03-21,2020-04-11,0.03716327456860878,0.03236112187518837,0.016037039522243845,2
RI,Rhode Island,4,116125,occ,ina,3758,116127,112369,3758,2020-03-21,2020-04-11,0.03236112187518837,0.03236112187518837,0.1211852543163789,-9
RI,Rhode Island,4,116125,occ,installation_maintenance_repair,3758,116127,112369,2983,2020-03-21,2020-04-11,0.02654646744208812,0.03236112187518837,0.03350515463917526,-1
RI,Rhode Island,4,116125,occ,legal,3758,116127,112369,306,2020-03-21,2020-04-11,0.002723170981320471,0.03236112187518837,0.0024619312482903255,0
RI,Rhode Island,4,116125,occ,life_physical_social_sciences,3758,116127,112369,655,2020-03-21,2020-04-11,0.0058290097802774785,0.03236112187518837,0.005097435352838103,0
RI,Rhode Island,4,116125,occ,mgmt,3758,116127,112369,6895,2020-03-21,2020-04-11,0.061360339595440024,0.03236112187518837,0.09621993127147767,-3
RI,Rhode Island,4,116125,occ,military,3758,116127,112369,56,2020-03-21,2020-04-11,4.98358088084792e-4,0.03236112187518837,0.001100836635843241,-0
RI,Rhode Island,4,116125,occ,office_admin_support,3758,116127,112369,14287,2020-03-21,2020-04-11,0.12714360722263257,0.03236112187518837,0.13735489498758638,-1
RI,Rhode Island,4,116125,occ,personal_care_service,3758,116127,112369,8824,2020-03-21,2020-04-11,0.07852699587964652,0.03236112187518837,0.013218815003690532,7
RI,Rhode Island,4,116125,occ,production,3758,116127,112369,8272,2020-03-21,2020-04-11,0.07361460901138214,0.03236112187518837,0.09663887856422237,-2
RI,Rhode Island,4,116125,occ,protective_sevice,3758,116127,112369,958,2020-03-21,2020-04-11,0.008525483006879121,0.03236112187518837,0.007666010566663214,0
RI,Rhode Island,4,116125,occ,sales_related,3758,116127,112369,8542,2020-03-21,2020-04-11,0.07601740693607667,0.03236112187518837,0.055215995027452607,2
RI,Rhode Island,4,116125,occ,transportation_material_moving,3758,116127,112369,8567,2020-03-21,2020-04-11,0.07623988822540025,0.03236112187518837,0.07692307692307693,-0
RI,Rhode Island,4,116125,race,asian,14293,103591,89298,7502,2020-03-21,2020-04-11,0.08401084010840108,0.13797530673514108,0.014200211242811877,7
RI,Rhode Island,4,116125,race,black,14293,103591,89298,5976,2020-03-21,2020-04-11,0.06692199153396493,0.13797530673514108,0.047892353803966586,2
RI,Rhode Island,4,116125,race,hawaiian_pi,14293,103591,89298,0,2020-03-21,2020-04-11,0,0.13797530673514108,0.0039245283018867925,-0
RI,Rhode Island,4,116125,race,ina,14293,103591,89298,14293,2020-03-21,2020-04-11,0.13797530673514108,0.13797530673514108,0.2100902065642171,-7
RI,Rhode Island,4,116125,race,native_alaskan,14293,103591,89298,608,2020-03-21,2020-04-11,0.006808663127953593,0.13797530673514108,0.007351335613945702,-0
RI,Rhode Island,4,116125,race,white,14293,103591,89298,75212,2020-03-21,2020-04-11,0.8422585052296804,0.13797530673514108,0.9155396080596191,-7
RI,Rhode Island,4,116125,sex,female,1689,116125,114436,67092,2020-03-21,2020-04-11,0.586284036492013,0.014544671689989236,0.35314979001399904,23
RI,Rhode Island,4,116125,sex,ina,1689,116125,114436,1689,2020-03-21,2020-04-11,0.014544671689989236,0.014544671689989236,0,1
RI,Rhode Island,4,116125,sex,male,1689,116125,114436,47344,2020-03-21,2020-04-11,0.413715963507987,0.014544671689989236,0.646850209986001,-23
UT,Utah,3,81261,sex,female,272,81261,80989,46658,2020-03-21,2020-04-04,0.5761029275580635,0.003347239143008331,0.32232917970826197,25
UT,Utah,3,81261,sex,ina,272,81261,80989,272,2020-03-21,2020-04-04,0.003347239143008331,0.003347239143008331,3.274394237066143e-4,0
UT,Utah,3,81261,sex,male,272,81261,80989,34331,2020-03-21,2020-04-04,0.4238970724419366,0.003347239143008331,0.677670820291738,-25
VA,Virginia,4,400939,age,24_under,3692,400939,397247,63367,2020-03-21,2020-04-11,0.15951536449614473,0.009208383320155934,0.06689229544097153,9
VA,Virginia,4,400939,age,25_34,3692,400939,397247,106089,2020-03-21,2020-04-11,0.267060544195425,0.009208383320155934,0.23476390271654105,3
VA,Virginia,4,400939,age,35_44,3692,400939,397247,79450,2020-03-21,2020-04-11,0.20000151039529562,0.009208383320155934,0.25968024645455995,-6
VA,Virginia,4,400939,age,45_54,3692,400939,397247,68490,2020-03-21,2020-04-11,0.1724116229952649,0.009208383320155934,0.24955864379158935,-8
VA,Virginia,4,400939,age,55_64,3692,400939,397247,57754,2020-03-21,2020-04-11,0.14538561650559978,0.009208383320155934,0.14626315642536084,-0
VA,Virginia,4,400939,age,65_over,3692,400939,397247,22097,2020-03-21,2020-04-11,0.05562534141226995,0.009208383320155934,0.033272908017075026,2
VA,Virginia,4,400939,age,ina,3692,400939,397247,3692,2020-03-21,2020-04-11,0.009208383320155934,0.009208383320155934,1.4739914213699276e-5,1
VA,Virginia,4,400939,eth,ina,33121,398596,365475,33121,2020-03-21,2020-04-11,0.08309416050336682,0.08309416050336682,0.04110368368653108,4
VA,Virginia,4,400939,eth,latinx,33121,398596,365475,735,2020-03-21,2020-04-11,0.002011081469320747,0.08309416050336682,0.03180781849524551,-3
VA,Virginia,4,400939,eth,not_latinx,33121,398596,365475,364740,2020-03-21,2020-04-11,0.9979889185306793,0.08309416050336682,0.947597877033361,5
VA,Virginia,4,400939,race,asian,33121,397861,364740,37801,2020-03-21,2020-04-11,0.10363820803860284,0.08324766689874102,0.02474784499102606,8
VA,Virginia,4,400939,race,black,33121,397861,364740,91645,2020-03-21,2020-04-11,0.25126117234194223,0.08324766689874102,0.39504066721808656,-14
VA,Virginia,4,400939,race,hawaiian_pi,33121,397861,364740,0,2020-03-21,2020-04-11,0,0.08324766689874102,0,0
VA,Virginia,4,400939,race,ina,33121,397861,364740,33121,2020-03-21,2020-04-11,0.08324766689874102,0.08324766689874102,0.042281414001386276,4
VA,Virginia,4,400939,race,native_alaskan,33121,397861,364740,1710,2020-03-21,2020-04-11,0.004688271097219938,0.08324766689874102,0.006158251539562885,-0
VA,Virginia,4,400939,race,white,33121,397861,364740,233584,2020-03-21,2020-04-11,0.640412348522235,0.08324766689874102,0.5154290795909293,12
VA,Virginia,4,400939,sex,female,0,400939,400939,238241,2020-03-21,2020-04-11,0.5942075976644826,0,0.433522787634123,16
VA,Virginia,4,400939,sex,ina,0,400939,400939,0,2020-03-21,2020-04-11,0,0,1.1166634097317217e-4,-0
VA,Virginia,4,400939,sex,male,0,400939,400939,162698,2020-03-21,2020-04-11,0.4057924023355174,0,0.566477212365877,-16
WY,Wyoming,4,106820,age,24_under,85498,106820,21322,3205,2020-03-21,2020-04-11,0.15031422943438702,0.8003931847968545,0.0961107448912327,5
WY,Wyoming,4,106820,age,25_34,85498,106820,21322,6397,2020-03-21,2020-04-11,0.30001875996623206,0.8003931847968545,0.22538631346578367,7
WY,Wyoming,4,106820,age,35_44,85498,106820,21322,4626,2020-03-21,2020-04-11,0.21695900947378294,0.8003931847968545,0.22227873855544253,-1
WY,Wyoming,4,106820,age,45_54,85498,106820,21322,3246,2020-03-21,2020-04-11,0.15223712597317324,0.8003931847968545,0.23574499906524585,-8
WY,Wyoming,4,106820,age,55_64,85498,106820,21322,2867,2020-03-21,2020-04-11,0.13446205796829566,0.8003931847968545,0.13936927772126145,-0
WY,Wyoming,4,106820,age,65_over,85498,106820,21322,981,2020-03-21,2020-04-11,0.04600881718412907,0.8003931847968545,0.04205669083717864,0
WY,Wyoming,4,106820,age,ina,85498,106820,21322,85498,2020-03-21,2020-04-11,0.8003931847968545,0.8003931847968545,0,80
WY,Wyoming,4,106820,sex,female,85498,106820,21322,10764,2020-03-21,2020-04-11,0.5048306913047557,0.8003931847968545,0.2846882141691153,22
WY,Wyoming,4,106820,sex,ina,85498,106820,21322,85498,2020-03-21,2020-04-11,0.8003931847968545,0.8003931847968545,0,80
WY,Wyoming,4,106820,sex,male,85498,106820,21322,10558,2020-03-21,2020-04-11,0.49516930869524434,0.8003931847968545,0.7153117858308847,-22
